日期,收盘点位,全收益收盘点位(元),市值(元),流通市值(元),自由流通市值(元),股息率市值加权
2026/4/7,4440.62,6560.3,6.54591E+13,5.01221E+13,2.34096E+13,0.0283
2026/4/3,4440.79,6560.45,6.5493E+13,5.01323E+13,2.34151E+13,0.0283
2026/4/2,4478.91,6616.78,6.61411E+13,5.06043E+13,2.36258E+13,0.028
2026/4/1,4526.07,6686.44,6.63776E+13,5.08485E+13,2.38529E+13,0.0279
2026/3/31,4450.05,6574.14,6.57518E+13,5.0204E+13,2.34599E+13,0.0282
2026/3/30,4491.95,6636.04,6.60801E+13,5.04325E+13,2.36507E+13,0.0284
2026/3/27,4502.57,6651.72,6.60569E+13,5.03975E+13,2.36797E+13,0.0289
2026/3/26,4477.53,6614.74,6.58122E+13,5.01574E+13,2.35495E+13,0.0291
2026/3/25,4537.47,6703.28,6.63932E+13,5.06366E+13,2.38518E+13,0.0288
2026/3/24,4474.72,6610.59,6.58227E+13,5.01015E+13,2.353E+13,0.0291
2026/3/23,4418,6526.78,6.5158E+13,4.95704E+13,2.32086E+13,0.0293
2026/3/20,4567.02,6746.93,6.71065E+13,5.11491E+13,2.39884E+13,0.0285
2026/3/19,4583.25,6770.92,6.75443E+13,5.14701E+13,2.40803E+13,0.0284
2026/3/18,4658.33,6881.84,6.79809E+13,5.19815E+13,2.44631E+13,0.0282
2026/3/17,4637.44,6850.97,6.79415E+13,5.18935E+13,2.43675E+13,0.0283
2026/3/16,4671.56,6901.38,6.81487E+13,5.21533E+13,2.4541E+13,0.0282
2026/3/13,4669.14,6897.8,6.81201E+13,5.21773E+13,2.45334E+13,0.0282
2026/3/12,4687.56,6925.01,6.83497E+13,5.23958E+13,2.46259E+13,0.0281
2026/3/11,4704.5,6950.03,6.83498E+13,5.2462E+13,2.47043E+13,0.0281
2026/3/10,4674.76,6906.1,6.78144E+13,5.21024E+13,2.45431E+13,0.0283
2026/3/9,4615.46,6818.49,6.76592E+13,5.18155E+13,2.42177E+13,0.0281
2026/3/6,4660.44,6884.95,6.78479E+13,5.21222E+13,2.44458E+13,0.0281
2026/3/5,4647.69,6866.11,6.78137E+13,5.20555E+13,2.43756E+13,0.0281
2026/3/4,4602.62,6799.53,6.7482E+13,5.17274E+13,2.41445E+13,0.0282
2026/3/3,4655.9,6878.23,6.82701E+13,5.23501E+13,2.44166E+13,0.0279
2026/3/2,4728.67,6985.74,6.82697E+13,5.25774E+13,2.47797E+13,0.0279
2026/2/27,4710.65,6959.11,6.75241E+13,5.21455E+13,2.46896E+13,0.0282
2026/2/26,4726.87,6983.09,6.76303E+13,5.22563E+13,2.47693E+13,0.0281
2026/2/25,4735.89,6996.4,6.78873E+13,5.23956E+13,2.48167E+13,0.028
2026/2/24,4707.54,6954.53,6.76921E+13,5.21725E+13,2.46743E+13,0.0281
2026/2/13,4660.41,6884.89,6.7013E+13,5.17086E+13,2.44401E+13,0.0285
2026/2/12,4719.58,6972.31,6.79376E+13,5.24103E+13,2.47446E+13,0.0281
2026/2/11,4713.82,6962.88,6.80621E+13,5.24777E+13,2.47191E+13,0.0282
2026/2/10,4724.3,6978.22,6.80604E+13,5.25061E+13,2.47713E+13,0.0282
2026/2/9,4719.06,6970.39,6.79294E+13,5.24345E+13,2.47401E+13,0.0282
2026/2/6,4643.6,6858.16,6.71636E+13,5.17736E+13,2.43598E+13,0.0285
2026/2/5,4670.42,6895.07,6.73613E+13,5.1973E+13,2.44942E+13,0.0284
2026/2/4,4698.68,6936.26,6.75882E+13,5.21791E+13,2.46266E+13,0.0283
2026/2/3,4660.11,6879.27,6.68385E+13,5.16487E+13,2.44193E+13,0.0287
2026/2/2,4605.98,6799.36,6.65039E+13,5.12893E+13,2.41483E+13,0.0288
2026/1/30,4706.34,6947.51,6.78092E+13,5.22072E+13,2.46559E+13,0.0283
2026/1/29,4753.87,7017.31,6.84675E+13,5.26946E+13,2.49027E+13,0.028
2026/1/28,4717.99,6964.26,6.79142E+13,5.22873E+13,2.47208E+13,0.0282
2026/1/27,4705.69,6946.1,6.76201E+13,5.2175E+13,2.46665E+13,0.0283
2026/1/26,4706.96,6947.98,6.76578E+13,5.2198E+13,2.46767E+13,0.0283
2026/1/23,4702.5,6941.39,6.73196E+13,5.20128E+13,2.46604E+13,0.0285
2026/1/22,4723.71,6971.03,6.77349E+13,5.22252E+13,2.47661E+13,0.0283
2026/1/21,4723.07,6970.08,6.77785E+13,5.22427E+13,2.4766E+13,0.0283
2026/1/20,4718.88,6963.9,6.79723E+13,5.23684E+13,2.47459E+13,0.0282
2026/1/19,4734.46,6986.89,6.79236E+13,5.23604E+13,2.48232E+13,0.0282
2026/1/16,4731.87,6983.07,6.79536E+13,5.23735E+13,2.4811E+13,0.0282
2026/1/15,4751.43,7008.2,6.83911E+13,5.26655E+13,2.49194E+13,0.028
2026/1/14,4741.93,6994.02,6.85121E+13,5.27213E+13,2.48802E+13,0.028
2026/1/13,4761.03,7020.88,6.89899E+13,5.30602E+13,2.49879E+13,0.0278
2026/1/12,4789.92,7063.39,6.91376E+13,5.32734E+13,2.51443E+13,0.0277
2026/1/9,4758.92,7017.31,6.87654E+13,5.2946E+13,2.49816E+13,0.0279
2026/1/8,4737.65,6985.57,6.84873E+13,5.27008E+13,2.48767E+13,0.028
2026/1/7,4776.67,7043.03,6.89182E+13,5.30408E+13,2.50711E+13,0.0278
2026/1/6,4790.69,7063.68,6.92965E+13,5.3257E+13,2.51501E+13,0.0276
2026/1/5,4717.75,6956.12,6.84127E+13,5.2538E+13,2.47628E+13,0.028
2025/12/31,4629.94,6826.62,6.76457E+13,5.18245E+13,2.43079E+13,0.0283
2025/12/30,4651.28,6858.09,6.7704E+13,5.1922E+13,2.4418E+13,0.0285
2025/12/29,4639.37,6840.53,6.75724E+13,5.1812E+13,2.43594E+13,0.0282
2025/12/26,4657.24,6866.84,6.75212E+13,5.18279E+13,2.44433E+13,0.0282
2025/12/25,4642.54,6845.16,6.74627E+13,5.1807E+13,2.4373E+13,0.0282
2025/12/24,4634.06,6831.51,6.73695E+13,5.17135E+13,2.43276E+13,0.0282
2025/12/23,4620.73,6811.77,6.72711E+13,5.16158E+13,2.42568E+13,0.0283
2025/12/22,4611.62,6798.12,6.70724E+13,5.14673E+13,2.42064E+13,0.0284
2025/12/19,4568.18,6734.07,6.66549E+13,5.10491E+13,2.3993E+13,0.0286
2025/12/18,4552.79,6707.32,6.66226E+13,5.09952E+13,2.39165E+13,0.0285
2025/12/17,4579.88,6745.78,6.66246E+13,5.10848E+13,2.40472E+13,0.0285
2025/12/16,4497.55,6623.39,6.57094E+13,5.03224E+13,2.36289E+13,0.0289
2025/12/15,4552.06,6703.6,6.63087E+13,5.0802E+13,2.39067E+13,0.0287
2025/12/12,4580.95,6743.99,6.59438E+13,5.06626E+13,2.36301E+13,0.0289
2025/12/11,4552.18,6700.71,6.58071E+13,5.05551E+13,2.34868E+13,0.0289
2025/12/10,4591.83,6758.18,6.62454E+13,5.08719E+13,2.36932E+13,0.0288
2025/12/9,4598.22,6767.6,6.6536E+13,5.10804E+13,2.37351E+13,0.0286
2025/12/8,4621.75,6802.13,6.67575E+13,5.1237E+13,2.38458E+13,0.0285
2025/12/5,4584.54,6747.36,6.64652E+13,5.09481E+13,2.36548E+13,0.0286
2025/12/4,4546.57,6691.47,6.61686E+13,5.06875E+13,2.34647E+13,0.0288
2025/12/3,4531.05,6668.62,6.60709E+13,5.0601E+13,2.33857E+13,0.0288
2025/12/2,4554.33,6702.89,6.6464E+13,5.08534E+13,2.35097E+13,0.0286
2025/12/1,4576.49,6735.49,6.66341E+13,5.10036E+13,2.36201E+13,0.0285
2025/11/28,4526.66,6662.16,6.61042E+13,5.05327E+13,2.3367E+13,0.0288
2025/11/27,4515.4,6645.41,6.61244E+13,5.05057E+13,2.33132E+13,0.0288
2025/11/26,4517.63,6648.68,6.60101E+13,5.03971E+13,2.33258E+13,0.0288
2025/11/25,4490.4,6608.54,6.6001E+13,5.03155E+13,2.31888E+13,0.0288
2025/11/24,4448.05,6546.06,6.54656E+13,4.99094E+13,2.29714E+13,0.029
2025/11/21,4453.61,6554.04,6.57686E+13,5.01148E+13,2.30039E+13,0.0289
2025/11/20,4564.95,6717.62,6.70388E+13,5.11878E+13,2.35755E+13,0.0284
2025/11/19,4588.29,6750.96,6.71413E+13,5.13734E+13,2.36878E+13,0.0283
2025/11/18,4568.19,6721.39,6.66467E+13,5.10308E+13,2.35816E+13,0.0285
2025/11/17,4598.05,6764.12,6.70217E+13,5.13447E+13,2.37323E+13,0.0284
2025/11/14,4628.14,6808.31,6.75051E+13,5.16938E+13,2.38902E+13,0.0282
2025/11/13,4702.07,6917.02,6.8303E+13,5.23978E+13,2.42643E+13,0.0278
2025/11/12,4645.91,6834.4,6.78502E+13,5.19754E+13,2.39836E+13,0.028
2025/11/11,4652.17,6843.18,6.76631E+13,5.18793E+13,2.40133E+13,0.0281
2025/11/10,4695.05,6906.26,6.80986E+13,5.22634E+13,2.4232E+13,0.0279
2025/11/7,4678.79,6881.46,6.77228E+13,5.20102E+13,2.41509E+13,0.0281
2025/11/6,4693.4,6902.66,6.79334E+13,5.21802E+13,2.42307E+13,0.028
2025/11/5,4627.26,6805.38,6.72258E+13,5.15839E+13,2.38982E+13,0.0283
2025/11/4,4618.7,6792.68,6.71825E+13,5.15123E+13,2.3855E+13,0.0283
2025/11/3,4653.4,6843.6,6.73356E+13,5.17222E+13,2.40232E+13,0.0282
2025/10/31,4640.67,6824.43,6.69135E+13,5.14576E+13,2.39502E+13,0.0284
2025/10/30,4709.91,6926.26,6.78227E+13,5.22094E+13,2.42756E+13,0.0277
2025/10/29,4747.84,6981.96,6.8228E+13,5.25561E+13,2.44576E+13,0.0275
2025/10/28,4691.97,6899.53,6.77769E+13,5.21071E+13,2.40615E+13,0.0277
2025/10/27,4716.02,6934.01,6.79883E+13,5.22664E+13,2.41601E+13,0.0276
2025/10/24,4660.68,6852.31,6.72234E+13,5.16147E+13,2.38901E+13,0.0279
2025/10/23,4606.34,6767.21,6.67277E+13,5.1179E+13,2.3612E+13,0.0281
2025/10/22,4592.57,6746.87,6.64402E+13,5.09965E+13,2.35383E+13,0.0282
2025/10/21,4607.87,6769.11,6.63706E+13,5.10019E+13,2.36096E+13,0.0283
2025/10/20,4538.22,6666.75,6.55726E+13,5.02838E+13,2.32533E+13,0.0285
2025/10/17,4514.23,6631.03,6.51906E+13,4.99766E+13,2.31235E+13,0.0287
2025/10/16,4618.42,6782.75,6.63454E+13,5.09231E+13,2.36529E+13,0.0282
2025/10/15,4606.29,6763.28,6.58851E+13,5.06177E+13,2.35647E+13,0.0284
2025/10/14,4539.06,6663.26,6.51228E+13,4.99606E+13,2.32261E+13,0.0287
2025/10/13,4593.98,6743.87,6.53292E+13,5.02137E+13,2.34922E+13,0.0286
2025/10/10,4616.83,6776.93,6.55819E+13,5.04625E+13,2.36074E+13,0.0285
2025/10/9,4709.48,6912.51,6.63797E+13,5.11643E+13,2.40745E+13,0.0281
2025/9/30,4640.69,6811.55,6.54954E+13,5.04251E+13,2.3725E+13,0.0285
2025/9/29,4620.05,6779.71,6.53118E+13,5.0273E+13,2.36249E+13,0.0286
2025/9/26,4550.05,6676.92,6.46525E+13,4.96887E+13,2.32697E+13,0.0288
2025/9/25,4593.49,6739.93,6.50666E+13,5.00621E+13,2.34886E+13,0.0287
2025/9/24,4566.07,6699.32,6.48925E+13,4.98972E+13,2.33534E+13,0.0287
2025/9/23,4519.78,6630.7,6.45097E+13,4.95853E+13,2.31258E+13,0.0289
2025/9/22,4522.61,6634.84,6.43225E+13,4.94996E+13,2.31343E+13,0.029
2025/9/19,4501.92,6604.49,6.42694E+13,4.93561E+13,2.30314E+13,0.029
2025/9/18,4498.11,6598.84,6.42714E+13,4.93927E+13,2.30136E+13,0.029
2025/9/17,4551.02,6676.25,6.51794E+13,5.00386E+13,2.32843E+13,0.0286
2025/9/16,4523.34,6634.83,6.48611E+13,4.98253E+13,2.31452E+13,0.0288
2025/9/15,4533.06,6647.73,6.49499E+13,4.98584E+13,2.31954E+13,0.0287
2025/9/12,4522,6631.51,6.4942E+13,4.98358E+13,2.31481E+13,0.0287
2025/9/11,4548.03,6669.26,6.52773E+13,5.00808E+13,2.32827E+13,0.0285
2025/9/10,4445.36,6518.42,6.41861E+13,4.91324E+13,2.27597E+13,0.029
2025/9/9,4436.26,6504.96,6.40033E+13,4.90202E+13,2.27089E+13,0.029
2025/9/8,4467.57,6550.87,6.43812E+13,4.92885E+13,2.28666E+13,0.0289
2025/9/5,4460.32,6540.07,6.43315E+13,4.92336E+13,2.28464E+13,0.0289
2025/9/4,4365.21,6400.17,6.373E+13,4.86587E+13,2.24258E+13,0.0291
2025/9/3,4459.83,6538.13,6.44594E+13,4.9304E+13,2.28948E+13,0.0288
2025/9/2,4490.45,6583.03,6.5061E+13,4.9743E+13,2.30542E+13,0.0285
2025/9/1,4523.71,6631.78,6.50403E+13,4.98558E+13,2.32111E+13,0.0285
2025/8/29,4496.76,6591.65,6.49322E+13,4.95162E+13,2.30516E+13,0.0282
2025/8/28,4463.78,6540.84,6.44999E+13,4.90116E+13,2.28637E+13,0.0283
2025/8/27,4386.13,6427.05,6.37192E+13,4.83441E+13,2.23136E+13,0.0287
2025/8/26,4452.59,6524.31,6.47947E+13,4.91029E+13,2.26483E+13,0.0281
2025/8/25,4469.22,6548.68,6.50534E+13,4.93099E+13,2.27375E+13,0.0279
2025/8/22,4378,6414.12,6.40724E+13,4.84568E+13,2.22712E+13,0.0283
2025/8/21,4288.07,6281.17,6.30634E+13,4.76338E+13,2.18186E+13,0.0288
2025/8/20,4271.4,6256.68,6.27486E+13,4.7413E+13,2.17397E+13,0.0289
2025/8/19,4223.37,6185.28,6.21249E+13,4.69079E+13,2.14987E+13,0.0291
2025/8/18,4239.41,6208.37,6.22295E+13,4.69362E+13,2.15766E+13,0.029
2025/8/15,4202.35,6154.1,6.18364E+13,4.69385E+13,2.13917E+13,0.0292
2025/8/14,4173.31,6110.92,6.16689E+13,4.67753E+13,2.12489E+13,0.0293
2025/8/13,4176.58,6114.81,6.16686E+13,4.67767E+13,2.12649E+13,0.0293
2025/8/12,4143.83,6066.67,6.14748E+13,4.65546E+13,2.11016E+13,0.0294
2025/8/11,4122.51,6035.47,6.1076E+13,4.60391E+13,2.09891E+13,0.0295
2025/8/8,4104.97,6009.78,6.10799E+13,4.59763E+13,2.0906E+13,0.0295
2025/8/7,4114.67,6021.72,6.11769E+13,4.60065E+13,2.09562E+13,0.0294
2025/8/6,4113.49,6019.99,6.10608E+13,4.59189E+13,2.09483E+13,0.0295
2025/8/5,4103.45,6005.31,6.09481E+13,4.58006E+13,2.08982E+13,0.0295
2025/8/4,4070.7,5957.38,6.03654E+13,4.53521E+13,2.07271E+13,0.0298
2025/8/1,4054.93,5934.19,6.01223E+13,4.52147E+13,2.06477E+13,0.0299
2025/7/31,4075.59,5964.36,6.04483E+13,4.54711E+13,2.07511E+13,0.0298
2025/7/30,4151.24,6073.86,6.12736E+13,4.60464E+13,2.11277E+13,0.0293
2025/7/29,4152.02,6074.94,6.10933E+13,4.5906E+13,2.11292E+13,0.0294
2025/7/28,4135.82,6050.25,6.10142E+13,4.57585E+13,2.10487E+13,0.0294
2025/7/25,4127.16,6036.08,6.09692E+13,4.57033E+13,2.10034E+13,0.0294
2025/7/24,4149.04,6065.46,6.13192E+13,4.59304E+13,2.111E+13,0.0292
2025/7/23,4119.77,6022.19,6.11187E+13,4.57377E+13,2.09625E+13,0.0293
2025/7/22,4118.96,6020.61,6.10453E+13,4.57035E+13,2.09555E+13,0.0294
2025/7/21,4085.61,5971.02,6.06995E+13,4.53844E+13,2.07944E+13,0.0295
2025/7/18,4058.55,5930.93,6.04228E+13,4.51328E+13,2.06599E+13,0.0297
2025/7/17,4034.49,5888.84,6.00925E+13,4.4855E+13,2.05414E+13,0.0298
2025/7/16,4007.2,5845.41,5.9961E+13,4.47092E+13,2.04073E+13,0.0299
2025/7/15,4019.06,5859.99,6.01005E+13,4.48425E+13,2.04718E+13,0.0298
2025/7/14,4017.67,5856.98,6.02113E+13,4.48903E+13,2.04683E+13,0.0297
2025/7/11,4014.81,5850.28,6.01148E+13,4.48081E+13,2.04563E+13,0.0298
2025/7/10,4010.02,5835.13,6.02577E+13,4.487E+13,2.0441E+13,0.0297
2025/7/9,3991.4,5804.94,5.99275E+13,4.4616E+13,2.03407E+13,0.0299
2025/7/8,3998.45,5814.49,5.99061E+13,4.46416E+13,2.03791E+13,0.0299
2025/7/7,3965.17,5766.06,5.95535E+13,4.43253E+13,2.02097E+13,0.0301
2025/7/4,3982.2,5788.3,5.9745E+13,4.44792E+13,2.02906E+13,0.03
2025/7/3,3968.07,5767.32,5.94045E+13,4.4236E+13,2.02165E+13,0.0301
2025/7/2,3943.68,5731.18,5.92497E+13,4.40613E+13,2.00932E+13,0.0302
2025/7/1,3942.76,5729.84,5.92224E+13,4.40294E+13,2.00865E+13,0.0302
2025/6/30,3936.08,5719.97,5.90067E+13,4.38727E+13,2.00481E+13,0.0303
2025/6/27,3921.76,5693.88,5.87938E+13,4.37243E+13,1.99755E+13,0.0304
2025/6/26,3946.02,5725.13,5.94229E+13,4.41578E+13,2.01091E+13,0.0301
2025/6/25,3960.07,5739.45,5.94812E+13,4.42008E+13,2.015E+13,0.0301
2025/6/24,3904.03,5653.7,5.88843E+13,4.37684E+13,1.98878E+13,0.0304
2025/6/23,3857.9,5586.72,5.82324E+13,4.33059E+13,1.96557E+13,0.0307
2025/6/20,3846.64,5569.69,5.79847E+13,4.31469E+13,1.95928E+13,0.0309
2025/6/19,3843.09,5559.32,5.78525E+13,4.30782E+13,1.95744E+13,0.0309
2025/6/18,3874.97,5604.74,5.80669E+13,4.33439E+13,1.9735E+13,0.0308
2025/6/17,3870.38,5596.8,5.79156E+13,4.32542E+13,1.97088E+13,0.0309
2025/6/16,3873.8,5601.24,5.76413E+13,4.32211E+13,1.97256E+13,0.031
2025/6/13,3864.18,5587.06,5.70322E+13,4.29881E+13,1.96078E+13,0.0314
2025/6/12,3892.2,5625.02,5.72883E+13,4.32256E+13,1.97447E+13,0.0312
2025/6/11,3894.63,5621.83,5.7376E+13,4.32668E+13,1.97557E+13,0.0312
2025/6/10,3865.47,5577.66,5.70079E+13,4.29677E+13,1.9608E+13,0.0314
2025/6/9,3885.25,5606.2,5.72157E+13,4.31307E+13,1.97058E+13,0.0313
2025/6/6,3873.98,5589.55,5.71713E+13,4.3053E+13,1.96476E+13,0.0313
2025/6/5,3877.56,5591.12,5.71761E+13,4.30438E+13,1.96646E+13,0.0313
2025/6/4,3868.74,5577.59,5.70436E+13,4.2939E+13,1.96188E+13,0.0314
2025/6/3,3852.01,5553.47,5.68862E+13,4.28027E+13,1.95357E+13,0.0314
2025/5/30,3840.23,5536.49,5.6705E+13,4.26953E+13,1.9468E+13,0.0315
2025/5/29,3858.7,5562.33,5.68277E+13,4.28347E+13,1.95586E+13,0.0315
2025/5/28,3836.24,5529.53,5.66214E+13,4.2652E+13,1.94466E+13,0.0316
2025/5/27,3839.4,5533.66,5.66611E+13,4.26443E+13,1.94628E+13,0.0316
2025/5/26,3860.11,5563.42,5.68245E+13,4.28014E+13,1.9563E+13,0.0315
2025/5/23,3882.27,5594.98,5.71069E+13,4.30233E+13,1.96746E+13,0.0313
2025/5/22,3913.87,5639.93,5.75631E+13,4.33893E+13,1.98352E+13,0.0311
2025/5/21,3916.38,5643.36,5.75657E+13,4.33841E+13,1.98427E+13,0.0311
2025/5/20,3898.17,5615.6,5.73005E+13,4.31755E+13,1.97525E+13,0.0313
2025/5/19,3877.15,5584.44,5.69987E+13,4.29941E+13,1.96493E+13,0.0314
2025/5/16,3889.09,5601.47,5.71597E+13,4.31332E+13,1.97081E+13,0.0313
2025/5/15,3907.2,5627.52,5.7497E+13,4.34089E+13,1.98035E+13,0.0312
2025/5/14,3943.21,5678.15,5.78791E+13,4.37032E+13,1.99838E+13,0.031
2025/5/13,3896.26,5610,5.72065E+13,4.31823E+13,1.97476E+13,0.0313
2025/5/12,3890.61,5601.37,5.70466E+13,4.30584E+13,1.97156E+13,0.0314
2025/5/9,3846.16,5537.16,5.66072E+13,4.26684E+13,1.94893E+13,0.0316
2025/5/8,3852.9,5545.54,5.66247E+13,4.26618E+13,1.95186E+13,0.0316
2025/5/7,3831.63,5514.93,5.64535E+13,4.24943E+13,1.94079E+13,0.0317
2025/5/6,3808.54,5481.7,5.59423E+13,4.21292E+13,1.92849E+13,0.032
2025/4/30,3770.57,5427.04,5.5543E+13,4.18067E+13,1.9094E+13,0.0323
2025/4/29,3775.08,5432.28,5.59018E+13,4.2005E+13,1.89601E+13,0.0324
2025/4/28,3781.62,5441.68,5.60902E+13,4.2143E+13,1.89631E+13,0.0325
2025/4/25,3786.99,5449.41,5.60183E+13,4.21362E+13,1.89852E+13,0.0328
2025/4/24,3784.36,5444.93,5.60896E+13,4.21903E+13,1.89675E+13,0.0328
2025/4/23,3786.88,5448.56,5.59653E+13,4.21064E+13,1.89722E+13,0.0329
2025/4/22,3783.95,5444.34,5.60301E+13,4.21118E+13,1.89428E+13,0.0329
2025/4/21,3784.88,5442.39,5.58731E+13,4.20186E+13,1.89445E+13,0.033
2025/4/18,3772.52,5424.62,5.59335E+13,4.19295E+13,1.88255E+13,0.0331
2025/4/17,3772.22,5422.76,5.58656E+13,4.19119E+13,1.88191E+13,0.0331
2025/4/16,3772.82,5423.53,5.58659E+13,4.19148E+13,1.89474E+13,0.0331
2025/4/15,3761.23,5406.12,5.5506E+13,4.16662E+13,1.889E+13,0.0333
2025/4/14,3759.14,5403.11,5.53146E+13,4.15481E+13,1.88771E+13,0.0336
2025/4/11,3750.52,5390.71,5.50281E+13,4.13838E+13,1.88212E+13,0.0338
2025/4/10,3735.12,5368.58,5.48946E+13,4.12936E+13,1.86167E+13,0.0338
2025/4/9,3686.79,5299.12,5.4452E+13,4.08881E+13,1.83737E+13,0.0341
2025/4/8,3650.76,5247.33,5.41296E+13,4.06038E+13,1.82073E+13,0.0343
2025/4/7,3589.44,5159.2,5.30773E+13,3.98258E+13,1.79072E+13,0.035
2025/4/3,3861.5,5550.24,5.64954E+13,4.25628E+13,1.92521E+13,0.0329
2025/4/2,3884.39,5583.13,5.65728E+13,4.26905E+13,1.93674E+13,0.0329
2025/4/1,3887.68,5587.87,5.65632E+13,4.2694E+13,1.93838E+13,0.0329
2025/3/31,3887.31,5586.83,5.66349E+13,4.27005E+13,1.93873E+13,0.0329
2025/3/28,3915.17,5626.88,5.67525E+13,4.2887E+13,1.95204E+13,0.0355
2025/3/27,3932.41,5651.48,5.70848E+13,4.31074E+13,1.96101E+13,0.0355
2025/3/26,3919.36,5632.72,5.68641E+13,4.29736E+13,1.95361E+13,0.0364
2025/3/25,3932.3,5651.32,5.69989E+13,4.30867E+13,1.9614E+13,0.0363
2025/3/24,3934.85,5654.99,5.69363E+13,4.3032E+13,1.96228E+13,0.0363
2025/3/21,3914.7,5626.02,5.66407E+13,4.28084E+13,1.95207E+13,0.0366
2025/3/20,3974.99,5712.68,5.73322E+13,4.33708E+13,1.98192E+13,0.0361
2025/3/19,4010.17,5763.23,5.77443E+13,4.37057E+13,1.99964E+13,0.0358
2025/3/18,4007.72,5759.72,5.76392E+13,4.3659E+13,1.9972E+13,0.0358
2025/3/17,3996.79,5744,5.7599E+13,4.36267E+13,1.99178E+13,0.0358
2025/3/14,4006.56,5758.04,5.74532E+13,4.35346E+13,1.99597E+13,0.0361
2025/3/13,3911.58,5621.54,5.63314E+13,4.26345E+13,1.94914E+13,0.0368
2025/3/12,3927.23,5644.04,5.63944E+13,4.26966E+13,1.95616E+13,0.0368
2025/3/11,3941.42,5664.42,5.66354E+13,4.28813E+13,1.96282E+13,0.0366
2025/3/10,3928.8,5646.3,5.63815E+13,4.27288E+13,1.95659E+13,0.0367
2025/3/7,3944.01,5668.16,5.6679E+13,4.29333E+13,1.96443E+13,0.0365
2025/3/6,3956.24,5685.72,5.68158E+13,4.30224E+13,1.96996E+13,0.0365
2025/3/5,3902.57,5608.6,5.63033E+13,4.25667E+13,1.94406E+13,0.0368
2025/3/4,3885.22,5583.66,5.59026E+13,4.23183E+13,1.93499E+13,0.0371
2025/3/3,3888.47,5588.34,5.61933E+13,4.24997E+13,1.94195E+13,0.0369
2025/2/28,3890.05,5590.6,5.62932E+13,4.25318E+13,1.94224E+13,0.0368
2025/2/27,3968.12,5702.8,5.72123E+13,4.32513E+13,1.98025E+13,0.0362
2025/2/26,3959.94,5691.05,5.70222E+13,4.31014E+13,1.97564E+13,0.0363
2025/2/25,3925.65,5641.77,5.66378E+13,4.27958E+13,1.95866E+13,0.0366
2025/2/24,3969.72,5705.1,5.72766E+13,4.32611E+13,1.98068E+13,0.0362
2025/2/21,3978.44,5717.64,5.75001E+13,4.33589E+13,1.98573E+13,0.036
2025/2/20,3928.9,5646.43,5.69865E+13,4.30427E+13,1.96316E+13,0.0364
2025/2/19,3940.16,5662.62,5.71596E+13,4.26969E+13,1.96871E+13,0.0362
2025/2/18,3912.78,5623.27,5.69731E+13,4.25253E+13,1.9555E+13,0.0364
2025/2/17,3947.4,5673.02,5.7252E+13,4.27593E+13,1.97178E+13,0.0362
2025/2/14,3939.01,5660.96,5.71639E+13,4.26973E+13,1.96828E+13,0.0362
2025/2/13,3905.14,5612.29,5.67678E+13,4.23963E+13,1.95135E+13,0.0365
2025/2/12,3919.86,5633.45,5.68986E+13,4.24783E+13,1.95859E+13,0.0364
2025/2/11,3883.14,5580.67,5.64371E+13,4.21483E+13,1.94012E+13,0.0367
2025/2/10,3901.06,5606.43,5.64379E+13,4.21975E+13,1.94881E+13,0.0367
2025/2/7,3892.7,5594.42,5.62957E+13,4.21496E+13,1.94493E+13,0.0368
2025/2/6,3842.83,5522.74,5.57827E+13,4.16968E+13,1.92085E+13,0.0371
2025/2/5,3795.08,5454.12,5.52472E+13,4.1284E+13,1.89739E+13,0.0375
2025/1/27,3817.08,5485.73,5.57972E+13,4.17021E+13,1.90877E+13,0.0371
2025/1/24,3832.86,5508.03,5.57006E+13,4.16201E+13,1.91583E+13,0.0372
2025/1/23,3803.74,5462.78,5.54642E+13,4.13188E+13,1.90144E+13,0.0373
2025/1/22,3797.02,5451.05,5.50779E+13,4.10814E+13,1.89725E+13,0.0376
2025/1/21,3832.61,5501.25,5.55974E+13,4.15075E+13,1.9153E+13,0.0372
2025/1/20,3829.68,5496.99,5.57009E+13,4.15316E+13,1.91398E+13,0.0372
2025/1/17,3812.34,5471.55,5.56997E+13,4.14636E+13,1.90605E+13,0.0372
2025/1/16,3800.38,5454.27,5.56763E+13,4.14231E+13,1.9004E+13,0.0372
2025/1/15,3796.03,5448.01,5.54909E+13,4.13227E+13,1.89699E+13,0.0373
2025/1/14,3820.54,5483.19,5.57413E+13,4.15366E+13,1.90866E+13,0.0371
2025/1/13,3722.51,5342.51,5.46216E+13,4.06204E+13,1.8597E+13,0.0379
2025/1/10,3732.48,5356.81,5.483E+13,4.07686E+13,1.86449E+13,0.0377
2025/1/9,3779.88,5423.17,5.54886E+13,4.12463E+13,1.88828E+13,0.0373
2025/1/8,3789.22,5436.57,5.58475E+13,4.14717E+13,1.89296E+13,0.0371
2025/1/7,3796.11,5444.91,5.57914E+13,4.14957E+13,1.89593E+13,0.0371
2025/1/6,3768.97,5404.64,5.54857E+13,4.12853E+13,1.88299E+13,0.0373
2025/1/3,3775.16,5413.52,5.56111E+13,4.13263E+13,1.88585E+13,0.0372
2025/1/2,3820.4,5478.38,5.61852E+13,4.17511E+13,1.908E+13,0.0368
2024/12/31,3934.91,5642.6,5.78329E+13,4.29745E+13,1.96482E+13,0.0357
2024/12/30,3999.05,5734.58,5.85229E+13,4.35559E+13,1.99662E+13,0.0352
2024/12/27,3981.03,5708.06,5.81637E+13,4.33301E+13,1.98779E+13,0.0355
2024/12/26,3987.48,5717.07,5.82282E+13,4.33742E+13,1.99108E+13,0.0354
2024/12/25,3985.63,5714.38,5.83599E+13,4.34273E+13,1.99009E+13,0.0353
2024/12/24,3983.69,5711.53,5.81015E+13,4.32866E+13,1.98901E+13,0.0354
2024/12/23,3933.57,5639.68,5.73453E+13,4.27275E+13,1.96366E+13,0.0359
2024/12/20,3927.74,5631.33,5.69335E+13,4.25108E+13,1.95998E+13,0.0361
2024/12/19,3945.46,5651.96,5.71904E+13,4.27255E+13,1.96875E+13,0.036
2024/12/18,3941.89,5646.84,5.7313E+13,4.28218E+13,1.96745E+13,0.0359
2024/12/17,3922.03,5618.21,5.69806E+13,4.26108E+13,1.95778E+13,0.0361
2024/12/16,3911.84,5603.61,5.68931E+13,4.25244E+13,1.95281E+13,0.0362
2024/12/13,3933.18,5634.17,5.61998E+13,4.20944E+13,1.93236E+13,0.0364
2024/12/12,4028.5,5770.54,5.73372E+13,4.30312E+13,1.9793E+13,0.0357
2024/12/11,3988.83,5713.66,5.67605E+13,4.26034E+13,1.95991E+13,0.036
2024/12/10,3995.64,5723.11,5.69545E+13,4.27134E+13,1.96363E+13,0.0358
2024/12/9,3966.57,5681.43,5.6591E+13,4.24297E+13,1.94905E+13,0.036
2024/12/6,3973.14,5690.84,5.65683E+13,4.2403E+13,1.95212E+13,0.036
2024/12/5,3921.59,5617,5.59483E+13,4.19077E+13,1.92648E+13,0.0364
2024/12/4,3930.56,5629.85,5.61216E+13,4.2024E+13,1.93083E+13,0.0363
2024/12/3,3951.89,5660.4,5.61412E+13,4.21177E+13,1.94103E+13,0.0363
2024/12/2,3947.63,5654.3,5.58473E+13,4.19519E+13,1.9386E+13,0.0365
2024/11/29,3916.58,5609.78,5.55106E+13,4.15785E+13,1.92312E+13,0.0367
2024/11/28,3872.55,5546.4,5.50962E+13,4.12296E+13,1.90169E+13,0.0368
2024/11/27,3907.04,5594.88,5.55064E+13,4.15533E+13,1.91859E+13,0.0364
2024/11/26,3840.18,5499.13,5.46894E+13,4.09267E+13,1.88613E+13,0.037
2024/11/25,3848.09,5510.46,5.46326E+13,4.09244E+13,1.88969E+13,0.037
2024/11/22,3865.7,5535.29,5.47842E+13,4.10725E+13,1.89871E+13,0.0369
2024/11/21,3989.3,5712.27,5.63038E+13,4.22837E+13,1.95912E+13,0.0359
2024/11/20,3985.77,5707.04,5.62912E+13,4.22582E+13,1.95802E+13,0.0359
2024/11/19,3976.89,5694.32,5.61955E+13,4.21745E+13,1.95419E+13,0.036
2024/11/18,3950.38,5656.36,5.60602E+13,4.20502E+13,1.94076E+13,0.0361
2024/11/15,3968.83,5682.56,5.60094E+13,4.19938E+13,1.94991E+13,0.0361
2024/11/14,4039.62,5783.79,5.66924E+13,4.25727E+13,1.98506E+13,0.0357
2024/11/13,4110.89,5885.83,5.74044E+13,4.31468E+13,2.0196E+13,0.0352
2024/11/12,4085.74,5848.96,5.69586E+13,4.28608E+13,2.0077E+13,0.0355
2024/11/11,4131.13,5913.93,5.76362E+13,4.33542E+13,2.03016E+13,0.0351
2024/11/8,4104.05,5875.05,5.76228E+13,4.32889E+13,2.01685E+13,0.035
2024/11/7,4145.7,5934.58,5.81879E+13,4.36958E+13,2.03678E+13,0.0346
2024/11/6,4024.28,5759.55,5.66276E+13,4.24832E+13,1.97723E+13,0.0356
2024/11/5,4044.57,5788.22,5.69563E+13,4.26949E+13,1.98756E+13,0.0354
2024/11/4,3944.76,5645.38,5.57857E+13,4.17856E+13,1.93908E+13,0.0361
2024/11/1,3890.02,5567.04,5.52585E+13,4.1347E+13,1.91197E+13,0.0365
2024/10/31,3891.04,5567.99,5.50247E+13,4.12E+13,1.91219E+13,0.0366
2024/10/30,3889.45,5565.4,5.50722E+13,4.12461E+13,1.90931E+13,0.0364
2024/10/29,3924.65,5615.28,5.56584E+13,4.16532E+13,1.92417E+13,0.036
2024/10/28,3964.16,5671.81,5.61515E+13,4.20564E+13,1.94259E+13,0.0356
2024/10/25,3956.42,5660.74,5.61656E+13,4.20133E+13,1.9392E+13,0.0356
2024/10/24,3928.83,5620.82,5.60293E+13,4.18673E+13,1.92607E+13,0.0357
2024/10/23,3973.21,5683.99,5.65306E+13,4.22615E+13,1.94721E+13,0.0354
2024/10/22,3957.78,5661.61,5.63344E+13,4.20953E+13,1.9392E+13,0.0355
2024/10/21,3935.2,5629.22,5.61423E+13,4.18679E+13,1.92795E+13,0.0355
2024/10/18,3925.23,5614.78,5.62034E+13,4.19019E+13,1.92319E+13,0.0355
2024/10/17,3788.22,5414.94,5.467E+13,4.07038E+13,1.85684E+13,0.0365
2024/10/16,3831.59,5476.93,5.52703E+13,4.1179E+13,1.8786E+13,0.0361
2024/10/15,3855.99,5511.74,5.53985E+13,4.13335E+13,1.88967E+13,0.036
2024/10/14,3961.34,5662.29,5.7E+13,4.24876E+13,1.94127E+13,0.035
2024/10/11,3887.17,5556.27,5.58658E+13,4.16965E+13,1.90492E+13,0.0357
2024/10/10,3997.79,5714.22,5.70727E+13,4.2686E+13,1.95843E+13,0.0348
2024/10/9,3955.98,5652.7,5.60809E+13,4.1969E+13,1.93798E+13,0.0354
2024/10/8,4256.1,6081.45,5.99613E+13,4.50845E+13,2.0853E+13,0.0332
2024/9/30,4017.85,5741.03,5.73266E+13,4.30701E+13,1.96784E+13,0.0344
2024/9/27,3703.68,5291.92,5.32901E+13,3.99573E+13,1.81446E+13,0.0369
2024/9/26,3545.32,5065.65,5.19327E+13,3.87224E+13,1.73796E+13,0.0379
2024/9/25,3401.53,4859.48,5.02273E+13,3.73314E+13,1.66782E+13,0.0392
2024/9/24,3351.91,4788.31,4.9601E+13,3.68321E+13,1.64309E+13,0.0397
2024/9/23,3212.76,4589.5,4.75772E+13,3.5298E+13,1.57493E+13,0.0414
2024/9/20,3201.05,4572.77,4.7304E+13,3.50842E+13,1.56881E+13,0.0416
2024/9/19,3196.04,4565.32,4.71425E+13,3.49983E+13,1.56641E+13,0.0417
2024/9/18,3171.01,4528.87,4.6998E+13,3.48704E+13,1.55435E+13,0.0419
2024/9/13,3159.25,4512.07,4.66092E+13,3.46271E+13,1.5483E+13,0.0422
2024/9/12,3172.47,4530.36,4.6683E+13,3.47544E+13,1.55439E+13,0.0421
2024/9/11,3186.13,4549.86,4.67942E+13,3.48421E+13,1.56067E+13,0.042
2024/9/10,3195.76,4562.68,4.72622E+13,3.51142E+13,1.56577E+13,0.0416
2024/9/9,3192.95,4558.67,4.70514E+13,3.50145E+13,1.56418E+13,0.0418
2024/9/6,3231.35,4612.77,4.76451E+13,3.54412E+13,1.58341E+13,0.0413
2024/9/5,3257.76,4650.47,4.79225E+13,3.56872E+13,1.59602E+13,0.0411
2024/9/4,3252.16,4642.16,4.79912E+13,3.57013E+13,1.59308E+13,0.041
2024/9/3,3273.43,4672.42,4.84169E+13,3.59894E+13,1.60341E+13,0.0406
2024/9/2,3265.01,4660.41,4.8678E+13,3.61445E+13,1.59977E+13,0.0403
2024/8/30,3321.43,4740.34,4.92042E+13,3.65307E+13,1.62633E+13,0.0368
2024/8/29,3277.68,4677.9,4.89922E+13,3.6264E+13,1.60578E+13,0.0357
2024/8/28,3286.5,4690.48,4.95772E+13,3.66044E+13,1.61166E+13,0.0344
2024/8/27,3305.33,4714.45,4.98825E+13,3.68505E+13,1.61915E+13,0.0342
2024/8/26,3324.22,4741.39,4.97993E+13,3.68783E+13,1.62814E+13,0.0342
2024/8/23,3327.19,4744.35,4.97866E+13,3.69077E+13,1.62799E+13,0.0341
2024/8/22,3313.14,4723.12,4.96043E+13,3.67685E+13,1.62071E+13,0.0342
2024/8/21,3321.64,4735.15,4.95479E+13,3.67522E+13,1.6248E+13,0.0342
2024/8/20,3332.7,4750.72,4.97157E+13,3.6866E+13,1.6302E+13,0.034
2024/8/19,3356.97,4784.88,4.9984E+13,3.70964E+13,1.6413E+13,0.0338
2024/8/16,3345.63,4768.66,4.96631E+13,3.68779E+13,1.63595E+13,0.0341
2024/8/15,3341.95,4761.49,4.94411E+13,3.67534E+13,1.63415E+13,0.0341
2024/8/14,3309.24,4714.14,4.89436E+13,3.63992E+13,1.61811E+13,0.0344
2024/8/13,3334.39,4748.97,4.91359E+13,3.66002E+13,1.6301E+13,0.0343
2024/8/12,3325.86,4736.8,4.89586E+13,3.6496E+13,1.62589E+13,0.0344
2024/8/9,3331.63,4745,4.90075E+13,3.65192E+13,1.62873E+13,0.0344
2024/8/8,3342.94,4759.69,4.9043E+13,3.65612E+13,1.63404E+13,0.0342
2024/8/7,3341.49,4757.02,4.90322E+13,3.65333E+13,1.6333E+13,0.0342
2024/8/6,3342.98,4759.14,4.89789E+13,3.64979E+13,1.63392E+13,0.0343
2024/8/5,3343.32,4759.52,4.91233E+13,3.65678E+13,1.63434E+13,0.0342
2024/8/2,3384.39,4817.96,4.97544E+13,3.70237E+13,1.65446E+13,0.0337
2024/8/1,3419.27,4867.61,5.01659E+13,3.7356E+13,1.67151E+13,0.0335
2024/7/31,3442.08,4899.82,5.03043E+13,3.75102E+13,1.68229E+13,0.0334
2024/7/30,3369.38,4796.31,4.96648E+13,3.69219E+13,1.64699E+13,0.0338
2024/7/29,3390.74,4825.6,5.00457E+13,3.72263E+13,1.65762E+13,0.0335
2024/7/26,3409.29,4851.22,5.00292E+13,3.72744E+13,1.66618E+13,0.0336
2024/7/25,3399.27,4831.03,5.02318E+13,3.73009E+13,1.66151E+13,0.0334
2024/7/24,3418.17,4857.52,5.06251E+13,3.7568E+13,1.67089E+13,0.0332
2024/7/23,3439.88,4886.88,5.07387E+13,3.76906E+13,1.68177E+13,0.0331
2024/7/22,3514.92,4992.51,5.14129E+13,3.8292E+13,1.71749E+13,0.0327
2024/7/19,3539.02,5026.61,5.1938E+13,3.86358E+13,1.72952E+13,0.0323
2024/7/18,3520.93,4997.1,5.18517E+13,3.85463E+13,1.72129E+13,0.0324
2024/7/17,3501.58,4968.26,5.14898E+13,3.83413E+13,1.71195E+13,0.0326
2024/7/16,3498.28,4961.97,5.16948E+13,3.84004E+13,1.71034E+13,0.0325
2024/7/15,3476.25,4925.23,5.1563E+13,3.82883E+13,1.7002E+13,0.0326
2024/7/12,3472.4,4918.72,5.12352E+13,3.81092E+13,1.69829E+13,0.0328
2024/7/11,3468.17,4905.59,5.12192E+13,3.80414E+13,1.69594E+13,0.0328
2024/7/10,3428.97,4840.25,5.09144E+13,3.77388E+13,1.67794E+13,0.033
2024/7/9,3439.81,4850.1,5.11804E+13,3.79105E+13,1.68272E+13,0.0328
2024/7/8,3401.76,4791.55,5.07136E+13,3.75148E+13,1.66445E+13,0.0331
2024/7/5,3431.06,4829.91,5.08678E+13,3.77157E+13,1.6782E+13,0.033
2024/7/4,3445.81,4849.4,5.12842E+13,3.79844E+13,1.68591E+13,0.0327
2024/7/3,3463.41,4873.71,5.13984E+13,3.80883E+13,1.69423E+13,0.0327
2024/7/2,3471.79,4884.82,5.15838E+13,3.82367E+13,1.69874E+13,0.0325
2024/7/1,3478.18,4893.82,5.13709E+13,3.81555E+13,1.70144E+13,0.0327
2024/6/28,3461.66,4870.47,5.09574E+13,3.7883E+13,1.6932E+13,0.033
2024/6/27,3454.12,4856.09,5.05945E+13,3.7672E+13,1.68938E+13,0.0332
2024/6/26,3480.26,4889.74,5.0748E+13,3.78714E+13,1.7018E+13,0.0331
2024/6/25,3457.9,4855.18,5.05674E+13,3.77249E+13,1.69128E+13,0.0332
2024/6/24,3476.81,4881.73,5.07354E+13,3.7867E+13,1.70037E+13,0.0331
2024/6/21,3495.62,4907.3,5.08849E+13,3.79932E+13,1.70923E+13,0.033
2024/6/20,3503.28,4916.88,5.10087E+13,3.81234E+13,1.71306E+13,0.0329
2024/6/19,3528.75,4951.52,5.11199E+13,3.82515E+13,1.72539E+13,0.0329
2024/6/18,3545.59,4967.52,5.11256E+13,3.83526E+13,1.73313E+13,0.0329
2024/6/17,3536.2,4954.18,5.09433E+13,3.82328E+13,1.72852E+13,0.033
2024/6/14,3541.53,4961.28,5.08414E+13,3.81537E+13,1.72206E+13,0.0329
2024/6/13,3526.13,4932.59,5.07146E+13,3.80091E+13,1.71443E+13,0.0329
2024/6/12,3544.12,4955.19,5.08415E+13,3.81312E+13,1.72276E+13,0.0328
2024/6/11,3542.88,4952.94,5.07482E+13,3.80885E+13,1.72195E+13,0.0329
2024/6/7,3574.11,4995.57,5.12547E+13,3.84369E+13,1.73688E+13,0.0326
2024/6/6,3592.25,5017.83,5.13702E+13,3.8615E+13,1.74573E+13,0.0325
2024/6/5,3594.79,5020.11,5.1321E+13,3.85645E+13,1.74683E+13,0.0325
2024/6/4,3615.67,5047.05,5.15856E+13,3.87527E+13,1.75676E+13,0.0323
2024/6/3,3588.75,5008.93,5.13532E+13,3.8554E+13,1.74357E+13,0.0325
2024/5/31,3579.92,4996.33,5.11521E+13,3.84242E+13,1.73897E+13,0.0326
2024/5/30,3594.31,5016.31,5.13239E+13,3.85809E+13,1.74588E+13,0.0325
2024/5/29,3613.52,5042.26,5.16476E+13,3.88447E+13,1.75505E+13,0.0323
2024/5/28,3609.17,5035.45,5.15676E+13,3.88196E+13,1.75302E+13,0.0324
2024/5/27,3635.71,5072.07,5.17832E+13,3.90038E+13,1.76574E+13,0.0322
2024/5/24,3601.48,5023.9,5.11945E+13,3.85416E+13,1.74922E+13,0.0326
2024/5/23,3641.79,5079.36,5.1659E+13,3.89264E+13,1.7688E+13,0.0323
2024/5/22,3684.45,5138.8,5.21742E+13,3.93192E+13,1.78938E+13,0.032
2024/5/21,3676.16,5126.58,5.21275E+13,3.92796E+13,1.78543E+13,0.032
2024/5/20,3690.96,5145.8,5.22601E+13,3.93883E+13,1.79268E+13,0.0319
2024/5/17,3677.97,5127.69,5.19949E+13,3.91951E+13,1.78645E+13,0.0321
2024/5/16,3640.36,5074.68,5.15575E+13,3.88134E+13,1.76844E+13,0.0324
2024/5/15,3626.06,5054.72,5.13894E+13,3.86758E+13,1.76114E+13,0.0325
2024/5/14,3657.05,5093.77,5.17773E+13,3.89597E+13,1.77645E+13,0.0322
2024/5/13,3664.69,5103.84,5.19315E+13,3.90583E+13,1.78028E+13,0.0321
2024/5/10,3666.28,5106.04,5.19635E+13,3.90713E+13,1.7808E+13,0.0321
2024/5/9,3664.56,5102.99,5.18682E+13,3.90276E+13,1.77976E+13,0.0322
2024/5/8,3630.22,5055.17,5.16104E+13,3.87908E+13,1.76291E+13,0.0324
2024/5/7,3659.01,5095.24,5.18686E+13,3.90097E+13,1.7772E+13,0.0322
2024/5/6,3657.88,5093.66,5.1763E+13,3.89418E+13,1.77655E+13,0.0322
2024/4/30,3604.39,5019.19,5.13841E+13,3.85407E+13,1.75086E+13,0.0325
2024/4/29,3623.91,5042.74,5.14874E+13,3.86207E+13,1.75626E+13,0.0321
2024/4/26,3584.27,4987.35,5.12888E+13,3.8381E+13,1.73232E+13,0.0323
2024/4/25,3530.28,4912.03,5.0767E+13,3.78878E+13,1.70546E+13,0.0326
2024/4/24,3521.62,4899.98,5.06181E+13,3.77447E+13,1.7008E+13,0.0326
2024/4/23,3506.22,4878.56,5.04268E+13,3.7566E+13,1.69323E+13,0.0327
2024/4/22,3530.9,4912.53,5.08088E+13,3.78232E+13,1.70332E+13,0.0325
2024/4/19,3541.66,4926.66,5.11854E+13,3.80459E+13,1.70903E+13,0.0321
2024/4/18,3569.8,4965.6,5.12981E+13,3.82167E+13,1.72257E+13,0.0321
2024/4/17,3565.4,4959.09,5.1289E+13,3.8181E+13,1.71993E+13,0.032
2024/4/16,3511.11,4883.58,5.06113E+13,3.76671E+13,1.69363E+13,0.0325
2024/4/15,3549.08,4936.38,5.09026E+13,3.79309E+13,1.71182E+13,0.0323
2024/4/12,3475.84,4834.52,4.97299E+13,3.70726E+13,1.67659E+13,0.033
2024/4/11,3504.24,4874.02,5.00766E+13,3.73063E+13,1.68946E+13,0.0328
2024/4/10,3504.71,4874.67,5.01305E+13,3.73069E+13,1.68998E+13,0.0328
2024/4/9,3533.49,4914.7,5.03491E+13,3.7505E+13,1.70395E+13,0.0325
2024/4/8,3536.41,4918.76,5.05413E+13,3.76193E+13,1.70512E+13,0.0325
2024/4/3,3567.8,4962.43,5.07358E+13,3.78307E+13,1.71992E+13,0.0319
2024/4/2,3580.68,4980.33,5.08256E+13,3.79051E+13,1.72647E+13,0.0317
2024/4/1,3595.65,5001.15,5.08408E+13,3.79382E+13,1.73399E+13,0.0317
2024/3/29,3537.48,4920.26,5.02644E+13,3.747E+13,1.70593E+13,0.0321
2024/3/28,3520.96,4897.15,4.98644E+13,3.71794E+13,1.6998E+13,0.0331
2024/3/27,3502.79,4871.87,4.97695E+13,3.70876E+13,1.69123E+13,0.033
2024/3/26,3543.75,4928.84,5.01357E+13,3.7422E+13,1.71036E+13,0.0327
2024/3/25,3525.76,4903.82,4.98886E+13,3.72335E+13,1.70168E+13,0.0326
2024/3/22,3545,4930.58,5.00109E+13,3.73238E+13,1.71087E+13,0.0331
2024/3/21,3581.09,4980.78,5.03896E+13,3.76474E+13,1.7286E+13,0.0327
2024/3/20,3585.38,4986.75,5.04431E+13,3.7666E+13,1.73033E+13,0.0327
2024/3/19,3577.63,4975.96,5.02242E+13,3.74958E+13,1.72546E+13,0.0328
2024/3/18,3603.53,5011.98,5.05186E+13,3.77206E+13,1.73819E+13,0.0326
2024/3/15,3569.99,4965.34,5.01046E+13,3.74178E+13,1.72174E+13,0.0325
2024/3/14,3562.22,4954.53,5.006E+13,3.73358E+13,1.71837E+13,0.0323
2024/3/13,3572.36,4968.64,5.00766E+13,3.73973E+13,1.72385E+13,0.0323
2024/3/12,3597.49,5003.59,5.03952E+13,3.76534E+13,1.73615E+13,0.0321
2024/3/11,3589.26,4992.14,5.07611E+13,3.77553E+13,1.73241E+13,0.0319
2024/3/8,3544.91,4930.45,5.05137E+13,3.74609E+13,1.7111E+13,0.032
2024/3/7,3529.72,4909.33,5.01588E+13,3.73073E+13,1.7035E+13,0.0323
2024/3/6,3551.05,4938.99,5.02589E+13,3.74234E+13,1.71411E+13,0.0322
2024/3/5,3565.51,4959.11,5.05176E+13,3.76477E+13,1.72128E+13,0.032
2024/3/4,3540.87,4924.83,5.00671E+13,3.73168E+13,1.70928E+13,0.0323
2024/3/1,3537.8,4920.57,4.9842E+13,3.72066E+13,1.70768E+13,0.0325
2024/2/29,3516.08,4890.36,4.96648E+13,3.70403E+13,1.69705E+13,0.0326
2024/2/28,3450.26,4798.81,4.89691E+13,3.64772E+13,1.66546E+13,0.033
2024/2/27,3494.79,4860.74,4.951E+13,3.68499E+13,1.68702E+13,0.0327
2024/2/26,3453.36,4803.12,4.90304E+13,3.64983E+13,1.66676E+13,0.033
2024/2/23,3489.74,4853.72,4.97702E+13,3.70315E+13,1.68447E+13,0.0325
2024/2/22,3486.67,4849.46,4.97745E+13,3.69911E+13,1.68275E+13,0.0325
2024/2/21,3456.87,4808.01,4.92435E+13,3.65998E+13,1.66865E+13,0.0328
2024/2/20,3410.85,4744,4.87142E+13,3.61466E+13,1.64609E+13,0.0332
2024/2/19,3403.81,4734.2,4.8535E+13,3.6033E+13,1.64243E+13,0.0333
2024/2/8,3364.93,4680.13,4.763E+13,3.5462E+13,1.62365E+13,0.0339
2024/2/7,3343.63,4650.5,4.75062E+13,3.53385E+13,1.61341E+13,0.034
2024/2/6,3311.69,4606.08,4.7298E+13,3.50956E+13,1.59844E+13,0.0342
2024/2/5,3200.42,4451.32,4.61672E+13,3.41173E+13,1.54481E+13,0.035
2024/2/2,3179.63,4422.4,4.56764E+13,3.37849E+13,1.53409E+13,0.0354
2024/2/1,3217.71,4475.37,4.59466E+13,3.40699E+13,1.55276E+13,0.0352
2024/1/31,3215.35,4472.09,4.61328E+13,3.414E+13,1.55148E+13,0.035
2024/1/30,3245.04,4513.38,4.63139E+13,3.43456E+13,1.56588E+13,0.0349
2024/1/29,3303.96,4595.33,4.70221E+13,3.48832E+13,1.59405E+13,0.0344
2024/1/26,3333.82,4636.86,4.71909E+13,3.50587E+13,1.60878E+13,0.0343
2024/1/25,3342.92,4649.51,4.70175E+13,3.49737E+13,1.61343E+13,0.0344
2024/1/24,3277.11,4557.98,4.58519E+13,3.41469E+13,1.58196E+13,0.0353
2024/1/23,3231.93,4495.15,4.50418E+13,3.3573E+13,1.56032E+13,0.0359
2024/1/22,3218.9,4477.02,4.49258E+13,3.3469E+13,1.5539E+13,0.036
2024/1/19,3269.78,4547.78,4.5511E+13,3.39363E+13,1.57784E+13,0.0356
2024/1/18,3274.73,4554.67,4.56047E+13,3.39882E+13,1.58003E+13,0.0355
2024/1/17,3229.08,4491.18,4.51386E+13,3.36243E+13,1.55788E+13,0.0359
2024/1/16,3300.88,4591.04,4.59979E+13,3.43085E+13,1.59189E+13,0.0352
2024/1/15,3280.92,4563.28,4.57366E+13,3.41021E+13,1.58205E+13,0.0354
2024/1/12,3284.17,4567.8,4.56495E+13,3.40809E+13,1.58356E+13,0.0355
2024/1/11,3295.67,4583.8,4.56949E+13,3.41255E+13,1.58905E+13,0.0354
2024/1/10,3277.13,4558.01,4.56971E+13,3.40878E+13,1.57973E+13,0.0355
2024/1/9,3292.5,4579.39,4.59913E+13,3.4263E+13,1.58731E+13,0.0352
2024/1/8,3286.06,4570.43,4.59438E+13,3.42086E+13,1.58433E+13,0.0353
2024/1/5,3329.11,4630.31,4.64249E+13,3.45972E+13,1.60501E+13,0.0349
2024/1/4,3347.05,4655.26,4.66454E+13,3.47503E+13,1.61333E+13,0.0347
2024/1/3,3378.3,4698.72,4.68536E+13,3.4972E+13,1.62815E+13,0.0346
2024/1/2,3386.35,4709.92,4.67919E+13,3.49403E+13,1.63213E+13,0.0346
2023/12/29,3431.11,4772.18,4.71734E+13,3.52745E+13,1.65395E+13,0.0343
2023/12/28,3414.54,4749.13,4.69538E+13,3.5128E+13,1.64572E+13,0.0345
2023/12/27,3336.36,4640.39,4.6266E+13,3.45112E+13,1.60797E+13,0.035
2023/12/26,3324.79,4624.3,4.60061E+13,3.43733E+13,1.60257E+13,0.0352
2023/12/25,3347.45,4655.82,4.61688E+13,3.45461E+13,1.61363E+13,0.0351
2023/12/22,3337.23,4641.37,4.59955E+13,3.43896E+13,1.60888E+13,0.0352
2023/12/21,3330.87,4632.53,4.58342E+13,3.42968E+13,1.60603E+13,0.0354
2023/12/20,3297.5,4586.12,4.55581E+13,3.40318E+13,1.58981E+13,0.0356
2023/12/19,3334.04,4632.75,4.59709E+13,3.43482E+13,1.6075E+13,0.0353
2023/12/18,3329.37,4626.25,4.58846E+13,3.43088E+13,1.60518E+13,0.0353
2023/12/15,3341.55,4643.19,4.59062E+13,3.43519E+13,1.61087E+13,0.0353
2023/12/14,3351.96,4657.65,4.60973E+13,3.44837E+13,1.61582E+13,0.0352
2023/12/13,3369.61,4682.17,4.62954E+13,3.46611E+13,1.62416E+13,0.035
2023/12/12,3426.8,4761.65,4.69683E+13,3.52032E+13,1.65164E+13,0.0345
2023/12/11,3419.45,4751.44,4.67815E+13,3.50673E+13,1.64807E+13,0.0346
2023/12/8,3399.46,4723.65,4.5008E+13,3.44981E+13,1.60794E+13,0.0347
2023/12/7,3391.28,4711.86,4.48761E+13,3.44141E+13,1.60398E+13,0.0348
2023/12/6,3399.6,4723.41,4.49183E+13,3.44582E+13,1.60761E+13,0.0348
2023/12/5,3394.26,4715.99,4.50234E+13,3.45203E+13,1.60512E+13,0.0347
2023/12/4,3460.14,4807.53,4.57951E+13,3.51577E+13,1.63631E+13,0.0341
2023/12/1,3482.88,4839.13,4.60266E+13,3.53541E+13,1.64728E+13,0.0339
2023/11/30,3496.2,4857.64,4.61133E+13,3.54696E+13,1.65359E+13,0.0339
2023/11/29,3488.31,4846.67,4.58786E+13,3.52519E+13,1.64974E+13,0.0341
2023/11/28,3518.52,4888.38,4.62177E+13,3.55143E+13,1.66418E+13,0.0338
2023/11/27,3511.94,4879.23,4.61887E+13,3.54711E+13,1.66108E+13,0.0338
2023/11/24,3538.01,4915.41,4.65342E+13,3.57128E+13,1.67352E+13,0.0336
2023/11/23,3561.52,4948.07,4.67512E+13,3.59022E+13,1.68464E+13,0.0334
2023/11/22,3544.42,4924.31,4.6569E+13,3.57495E+13,1.67664E+13,0.0336
2023/11/21,3581.07,4974.64,4.69161E+13,3.60638E+13,1.69409E+13,0.0333
2023/11/20,3576.32,4968.05,4.68504E+13,3.59943E+13,1.69208E+13,0.0334
2023/11/17,3568.07,4956.59,4.67498E+13,3.58972E+13,1.68797E+13,0.0335
2023/11/16,3572.36,4962.55,4.68673E+13,3.59644E+13,1.6901E+13,0.0334
2023/11/15,3607.25,5010.86,4.71981E+13,3.62505E+13,1.70658E+13,0.0332
2023/11/14,3582.06,4975.87,4.69194E+13,3.60042E+13,1.6946E+13,0.0334
2023/11/13,3579.41,4972.2,4.68736E+13,3.59806E+13,1.69316E+13,0.0334
2023/11/10,3586.49,4982.03,4.69229E+13,3.60196E+13,1.6964E+13,0.0334
2023/11/9,3612.83,5018.62,4.72084E+13,3.62513E+13,1.70871E+13,0.0332
2023/11/8,3611.07,5016.18,4.70755E+13,3.6147E+13,1.70796E+13,0.0333
2023/11/7,3619.76,5028.12,4.72035E+13,3.62525E+13,1.71195E+13,0.0332
2023/11/6,3632.61,5045.97,4.73129E+13,3.63459E+13,1.7179E+13,0.0331
2023/11/3,3584.14,4978.64,4.70391E+13,3.60589E+13,1.69485E+13,0.0333
2023/11/2,3554.19,4937.04,4.68041E+13,3.58416E+13,1.68059E+13,0.0335
2023/11/1,3571.03,4960.43,4.69131E+13,3.59484E+13,1.68828E+13,0.0334
2023/10/31,3572.51,4962.49,4.68543E+13,3.59005E+13,1.68943E+13,0.0334
2023/10/30,3583.77,4978.14,4.68558E+13,3.59289E+13,1.68872E+13,0.0334
2023/10/27,3562.39,4948.43,4.69522E+13,3.58781E+13,1.67687E+13,0.0332
2023/10/26,3514.14,4881.08,4.65271E+13,3.55151E+13,1.65335E+13,0.0335
2023/10/25,3504.46,4867.63,4.62675E+13,3.53417E+13,1.64804E+13,0.0337
2023/10/24,3487.13,4840.75,4.63049E+13,3.52684E+13,1.63993E+13,0.0337
2023/10/23,3474.24,4822.74,4.63057E+13,3.51849E+13,1.63409E+13,0.0337
2023/10/20,3510.59,4873.11,4.6709E+13,3.55086E+13,1.65121E+13,0.0333
2023/10/19,3533.54,4904.97,4.708E+13,3.57669E+13,1.66167E+13,0.0331
2023/10/18,3610.58,5011.9,4.81223E+13,3.65944E+13,1.69766E+13,0.0324
2023/10/17,3639.4,5051.88,4.83745E+13,3.68168E+13,1.71111E+13,0.0322
2023/10/16,3626.6,5034.11,4.80915E+13,3.66681E+13,1.70498E+13,0.0324
2023/10/13,3663.41,5084.93,4.83782E+13,3.69177E+13,1.72236E+13,0.0322
2023/10/12,3702.38,5138.99,4.86599E+13,3.7233E+13,1.74055E+13,0.032
2023/10/11,3667.55,5090.6,4.80985E+13,3.68482E+13,1.72407E+13,0.0324
2023/10/10,3657.13,5076.13,4.79954E+13,3.67831E+13,1.71882E+13,0.0324
2023/10/9,3684.73,5114.44,4.83623E+13,3.70537E+13,1.73146E+13,0.0322
2023/9/28,3689.52,5121.09,4.8384E+13,3.71033E+13,1.73379E+13,0.0322
2023/9/27,3700.5,5136.13,4.84646E+13,3.71856E+13,1.73875E+13,0.0321
2023/9/26,3692.89,5125.42,4.84853E+13,3.71838E+13,1.73502E+13,0.0321
2023/9/25,3714.6,5155.53,4.87775E+13,3.73757E+13,1.74481E+13,0.0319
2023/9/22,3738.93,5189.29,4.90531E+13,3.75854E+13,1.75617E+13,0.0317
2023/9/21,3672.44,5097.01,4.83231E+13,3.69756E+13,1.72462E+13,0.0322
2023/9/20,3705.69,5143.12,4.87059E+13,3.73004E+13,1.74022E+13,0.032
2023/9/19,3720.5,5163.01,4.88566E+13,3.74278E+13,1.74706E+13,0.0319
2023/9/18,3727.71,5173.01,4.87772E+13,3.7398E+13,1.75044E+13,0.0319
2023/9/15,3708.78,5146.7,4.86629E+13,3.72129E+13,1.74175E+13,0.032
2023/9/14,3733.51,5180.27,4.89803E+13,3.74937E+13,1.75311E+13,0.0318
2023/9/13,3736.65,5184.63,4.88453E+13,3.74331E+13,1.75432E+13,0.0319
2023/9/12,3760.6,5217.87,4.90017E+13,3.75784E+13,1.76561E+13,0.0318
2023/9/11,3767.54,5227.49,4.9076E+13,3.76605E+13,1.76897E+13,0.0317
2023/9/8,3739.99,5189.05,4.87704E+13,3.74117E+13,1.75617E+13,0.0319
2023/9/7,3758.47,5214.69,4.89573E+13,3.76005E+13,1.76461E+13,0.0318
2023/9/6,3812.03,5289,4.94656E+13,3.8025E+13,1.78995E+13,0.0315
2023/9/5,3820.32,5300.5,4.9526E+13,3.80663E+13,1.79371E+13,0.0314
2023/9/4,3848.95,5340.23,4.99162E+13,3.83471E+13,1.80707E+13,0.0312
2023/9/1,3791.49,5260.5,4.91672E+13,3.77745E+13,1.78015E+13,0.0317
2023/8/31,3765.27,5223.55,4.89341E+13,3.75214E+13,1.7679E+13,0.0318
2023/8/30,3788.51,5255.18,4.91295E+13,3.77172E+13,1.77493E+13,0.0318
2023/8/29,3790.11,5257.4,4.92031E+13,3.7761E+13,1.77243E+13,0.0322
2023/8/28,3752.62,5205.28,4.89487E+13,3.75078E+13,1.75269E+13,0.0324
2023/8/25,3709.15,5144.11,4.83524E+13,3.70375E+13,1.73178E+13,0.0328
2023/8/24,3723.43,5160.18,4.84428E+13,3.71297E+13,1.73719E+13,0.0328
2023/8/23,3696.63,5122.87,4.83306E+13,3.69755E+13,1.72453E+13,0.0328
2023/8/22,3758.23,5208.23,4.89393E+13,3.74767E+13,1.75207E+13,0.0324
2023/8/21,3729.56,5168.28,4.8392E+13,3.71055E+13,1.73884E+13,0.0328
2023/8/18,3784,5243.7,4.89973E+13,3.76348E+13,1.76425E+13,0.0324
2023/8/17,3831.1,5308.74,4.94638E+13,3.80107E+13,1.78581E+13,0.0321
2023/8/16,3818.33,5291.05,4.93778E+13,3.79217E+13,1.77986E+13,0.0322
2023/8/15,3846.54,5330.13,4.97859E+13,3.8199E+13,1.79275E+13,0.0319
2023/8/14,3855.91,5343.11,4.9732E+13,3.81725E+13,1.79687E+13,0.0319
2023/8/11,3884.25,5382.39,5.00798E+13,3.84427E+13,1.81046E+13,0.0317
2023/8/10,3975.72,5507.15,5.11382E+13,3.9306E+13,1.85265E+13,0.0309
2023/8/9,3967.57,5495.28,5.09938E+13,3.92292E+13,1.84886E+13,0.031
2023/8/8,3979.73,5510.72,5.11476E+13,3.93447E+13,1.85421E+13,0.0308
2023/8/7,3990.15,5525.1,5.125E+13,3.9437E+13,1.85938E+13,0.0308
2023/8/4,4020.58,5567.24,5.16067E+13,3.96889E+13,1.87243E+13,0.0306
2023/8/3,4004.98,5545.41,5.13377E+13,3.95285E+13,1.86542E+13,0.0307
2023/8/2,3969.9,5496.83,5.09158E+13,3.92017E+13,1.84863E+13,0.031
2023/8/1,3998,5535.38,5.14931E+13,3.96272E+13,1.86207E+13,0.0306
2023/7/31,4014.63,5558.39,5.15795E+13,3.97013E+13,1.86979E+13,0.0306
2023/7/28,3992.74,5528.07,5.13981E+13,3.95465E+13,1.85946E+13,0.0307
2023/7/27,3902.35,5400.54,5.02738E+13,3.86816E+13,1.81714E+13,0.0314
2023/7/26,3907.01,5406.94,5.02375E+13,3.86536E+13,1.81914E+13,0.0314
2023/7/25,3915.12,5417.37,5.03984E+13,3.87628E+13,1.82048E+13,0.0313
2023/7/24,3805.22,5264.96,4.91183E+13,3.7712E+13,1.76912E+13,0.0322
2023/7/21,3821.91,5287.99,4.92575E+13,3.78444E+13,1.77708E+13,0.0321
2023/7/20,3823.69,5286.36,4.9285E+13,3.78636E+13,1.77818E+13,0.0321
2023/7/19,3850.87,5323.45,4.96371E+13,3.81585E+13,1.79082E+13,0.0319
2023/7/18,3854.94,5327.66,4.9637E+13,3.81625E+13,1.79248E+13,0.0319
2023/7/17,3867.17,5341.13,4.98767E+13,3.83573E+13,1.79804E+13,0.0317
2023/7/14,3899.1,5377.86,5.04461E+13,3.88188E+13,1.81269E+13,0.0314
2023/7/13,3898.42,5374.87,5.04163E+13,3.87683E+13,1.81227E+13,0.0314
2023/7/12,3843.44,5289.9,4.966E+13,3.81643E+13,1.7871E+13,0.0319
2023/7/11,3869.49,5319.22,5.00154E+13,3.83719E+13,1.79867E+13,0.0316
2023/7/10,3844.33,5284.16,4.97267E+13,3.81517E+13,1.78711E+13,0.0318
2023/7/7,3825.7,5258.51,4.95739E+13,3.80083E+13,1.77831E+13,0.0319
2023/7/6,3842.75,5281.04,4.97529E+13,3.81381E+13,1.78629E+13,0.0318
2023/7/5,3868.81,5315.31,5.00814E+13,3.84023E+13,1.79859E+13,0.0316
2023/7/4,3899.01,5354.41,5.04711E+13,3.87033E+13,1.81274E+13,0.0315
2023/7/3,3892.88,5345.99,5.04864E+13,3.87032E+13,1.81012E+13,0.0314
2023/6/30,3842.45,5275.95,4.97187E+13,3.80684E+13,1.78699E+13,0.0319
2023/6/29,3821.84,5240.66,4.94572E+13,3.787E+13,1.77732E+13,0.0321
2023/6/28,3840.8,5264.97,4.96849E+13,3.80652E+13,1.78637E+13,0.032
2023/6/27,3845.43,5266.67,4.97505E+13,3.8092E+13,1.78854E+13,0.0319
2023/6/26,3809.7,5215.29,4.91905E+13,3.76668E+13,1.77196E+13,0.0323
2023/6/21,3864.03,5287.74,4.98575E+13,3.8226E+13,1.79734E+13,0.0319
2023/6/20,3924.24,5365.58,5.04822E+13,3.8705E+13,1.82514E+13,0.0315
2023/6/19,3930.91,5373.28,5.07337E+13,3.88478E+13,1.82813E+13,0.0313
2023/6/16,3963.35,5411.95,5.11375E+13,3.91587E+13,1.84324E+13,0.031
2023/6/15,3925.5,5359.15,5.08296E+13,3.88385E+13,1.82543E+13,0.0312
2023/6/14,3864.02,5273.53,5.02368E+13,3.83504E+13,1.79708E+13,0.0316
2023/6/13,3864.91,5267.81,5.03999E+13,3.84022E+13,1.79783E+13,0.0315
2023/6/12,3844.43,5237.75,5.02772E+13,3.82566E+13,1.78795E+13,0.0316
2023/6/9,3836.7,5226.72,5.00732E+13,3.77534E+13,1.78176E+13,0.0314
2023/6/8,3820.19,5202.26,4.97802E+13,3.76188E+13,1.77354E+13,0.0316
2023/6/7,3789.34,5159.86,4.92757E+13,3.72479E+13,1.75894E+13,0.0319
2023/6/6,3808.16,5184.02,4.94388E+13,3.73766E+13,1.76749E+13,0.0318
2023/6/5,3844.25,5232.89,4.97825E+13,3.76737E+13,1.78445E+13,0.0316
2023/6/2,3861.83,5256.77,4.98345E+13,3.77137E+13,1.79224E+13,0.0315
2023/6/1,3806.87,5181.3,4.9315E+13,3.72633E+13,1.76684E+13,0.0319
2023/5/31,3798.54,5166.12,4.91703E+13,3.71885E+13,1.7623E+13,0.032
2023/5/30,3837.75,5216.64,4.96119E+13,3.75758E+13,1.78035E+13,0.0317
2023/5/29,3833.94,5211.28,4.95516E+13,3.75753E+13,1.77889E+13,0.0317
2023/5/26,3850.95,5233.54,4.94462E+13,3.75231E+13,1.78589E+13,0.0318
2023/5/25,3850.5,5231.64,4.93425E+13,3.74942E+13,1.78535E+13,0.0318
2023/5/24,3859.09,5242.87,4.94296E+13,3.75578E+13,1.78917E+13,0.0318
2023/5/23,3913.19,5316.31,5.02903E+13,3.81701E+13,1.81418E+13,0.0312
2023/5/22,3969.33,5392.49,5.11902E+13,3.87895E+13,1.84009E+13,0.0307
2023/5/19,3944.54,5358.76,5.09102E+13,3.85914E+13,1.82857E+13,0.0309
2023/5/18,3956.07,5373.13,5.11472E+13,3.87605E+13,1.83421E+13,0.0307
2023/5/17,3960.17,5378.06,5.09226E+13,3.86434E+13,1.83574E+13,0.0309
2023/5/16,3978.21,5402.51,5.12655E+13,3.88201E+13,1.84403E+13,0.0299
2023/5/15,3998.89,5429.81,5.1578E+13,3.90236E+13,1.85346E+13,0.0297
2023/5/12,3937.76,5346.62,5.08379E+13,3.84694E+13,1.82469E+13,0.03
2023/5/11,3990.66,5418.02,5.14985E+13,3.89324E+13,1.8491E+13,0.0296
2023/5/10,3996.87,5426.44,5.17344E+13,3.9054E+13,1.85226E+13,0.0295
2023/5/9,4027.88,5468.49,5.24972E+13,3.9577E+13,1.8674E+13,0.029
2023/5/8,4062.66,5515.65,5.30779E+13,3.99185E+13,1.88358E+13,0.0287
2023/5/5,4016.88,5453.49,5.19063E+13,3.91819E+13,1.86142E+13,0.0294
2023/5/4,4030.25,5471.65,5.20312E+13,3.92859E+13,1.86763E+13,0.0293
2023/4/28,4029.09,5470.07,5.15953E+13,3.89932E+13,1.86377E+13,0.0296
2023/4/27,3988.42,5414.77,5.10429E+13,3.84388E+13,1.83473E+13,0.0299
2023/4/26,3959.23,5374.85,5.06083E+13,3.81529E+13,1.82199E+13,0.0299
2023/4/25,3962.67,5378.17,5.08408E+13,3.82617E+13,1.82361E+13,0.0297
2023/4/24,3982.64,5405.22,5.0835E+13,3.82667E+13,1.83092E+13,0.0295
2023/4/21,4032.57,5472.98,5.12191E+13,3.86336E+13,1.85267E+13,0.0293
2023/4/20,4113.02,5581.87,5.21305E+13,3.93267E+13,1.8837E+13,0.0288
2023/4/19,4124.56,5597.33,5.21908E+13,3.93682E+13,1.88956E+13,0.0288
2023/4/18,4162.03,5648.19,5.26674E+13,3.9707E+13,1.90633E+13,0.0285
2023/4/17,4149.38,5630.81,5.23701E+13,3.95119E+13,1.90001E+13,0.0287
2023/4/14,4092,5552.94,5.141E+13,3.88504E+13,1.8739E+13,0.0292
2023/4/13,4068.98,5521.7,5.10609E+13,3.86353E+13,1.8632E+13,0.0294
2023/4/12,4097.29,5559.95,5.1331E+13,3.88291E+13,1.87575E+13,0.0293
2023/4/11,4100.15,5563.83,5.11333E+13,3.87594E+13,1.87668E+13,0.0294
2023/4/10,4104.81,5570.16,5.1239E+13,3.87863E+13,1.87832E+13,0.0293
